"Boss Hung Dữ - Ông Xã Kết Hôn Đi","Chương 1: Cô dám chơi tôi, tôi liền lên giường với người đàn ông của cô (1)","Khi cảnh sát đến trước cửa phòng của khách sạn, lúc đấy Yến Thanh Ti cũng vừa mới từ trên giường của Nhạc Thính Phong bước xuống

Bầu không khí  trong phòng vẫn còn vương đầy mùi tình dục, quần áo vứt lung tung trên mặt đất, có thể thấy “trận chiến” đêm qua kịch liệt đến thế nào.

“Đoang, Đoang” hàng chục tiếng đập cửa gấp gáp vang lên mà Yến Thanh Ti vẫn từ tốn tắm rửa, mặc quần áo, trang điểm giống như là đây là phòng của mình vậy.

Cô là ai a, là Yến Thanh Ti lòng dạ độc ác, là cực phẩm hồ ly tinh, thế nên lúc nào cũng phải xinh đẹp, hoàn mỹ, luôn tỏa ánh hào quang thu hút mọi ánh nhìn.

Lúc này Nhạc Thính Phong mới tỉnh dậy, trên cơ thể trần trụi vẫn còn hiện rõ một vài dấu hôn đỏ, có chút quá trớn do Yến Thanh Ti tạo ra, anh châm một điếu thuốc rồi nói: “Chỉ cần cô xin tôi, tôi sẽ giảm hai năm ngồi tù cho cô.”

Yến Thanh Ti bước tới lấy điếu thuốc từ miệng anh, hít một hơi, khói thuốc lan tỏa khắp phòng, sau đó cô lại đưa  trả điếu thuốc về vị trí ban đầu.

Bàn tay nõn nà của Yến Thanh Ti  vỗ nhẹ lên khuôn mặt anh, cô dùng giọng điệu như khách làng chơi: “Chú Nhạc à, lần sau tìm đàn bà á, nhớ là phải cẩn thận hơn nhé, đừng tưởng nhà anh nhiều tiền là tôi không chơi nổi”.


Không sai, người đàn ông mà cô vừa ngủ này là chồng sắp cưới của cô ruột cô, là người tình trong mộng của tất cả con gái Lạc Thành, người thừa kế duy nhất của gia tộc họ Nhạc - Nhạc Thính Phong.

Nhạc Thính Phong xuất sắc như thế nào, chỉ có những người từng gặp qua anh ta mới biết được.

Anh ta có bao nhiêu tiền, có lẽ chính anh ta cũng không nắm rõ.

Nhưng mà, Yến Thanh Ti cô cũng chẳng tự dưng mà lên giường với anh ta.

“Trận chiến” tối ngày hôm qua, chính Yến Thanh Ti cũng thấy bản thân có chút thô bạo thật, mà nói chung là không phải ai cũng có bản lĩnh này.

Chất lượng của anh ta đúng là hàng loại một...Xét bất kì phương diện nào thì Nhạc Thính Phong đều có sự kiêu ngạo của riêng mình.

Bên ngoài cảnh sát đã hét lớn: “Nếu không mở chúng tôi buộc phải phá cửa xông vào đấy.”


Yến Thanh Ti thấy bản thân không có chỗ nào không thỏa đáng, liền quay người ra mở cửa, Nhạc Thính Phong đột nhiên túm lấy cổ tay cô: “Yến Thanh Ti, đây là cơ hội cuối cùng, cô thật không muốn?

Nhạc Thính Phong nheo đôi mắt hẹp dài của mình, một đôi mắt phượng đúng tiêu chuẩn chưa kể còn kết hợp với một chiếc mũi cao thẳng và đôi môi mỏng, đẹp nhưng cũng thật bạc tình. Trên khuôn mặt luôn mang theo vẻ ngả ngớn, bất kể là nhìn ai, quan sát vấn đề gì đều mang theo vẻ lạnh lùng không chút cảm xúc.

Yến Thanh Ti nhướn mày nói: “Sao, mới ngủ có một đêm liền yêu tôi rồi à? Đừng có nói với tôi là anh định bỏ vợ chưa cưới của anh nhé, để ở cùng tôi, Nhạc tiên sinh à, từ lúc nào mà chúng ta lại có tình cảm sâu đậm như vậy?”

Nhạc Thính Phong càng túm chặt cổ tay Yến Thanh Ti hơn, chặt đến mức cánh tay cô như muốn đứt ra.

“Cô bò lên giường của tôi chỉ là muốn trả thù nhà họ Yến?”

Yến Thanh Ti khẽ nhướng mày, tiến sát lại nói: “Tôi  lên giường với anh chỉ vì anh là người đàn ông của Yến Như Kha, điều nay chẳng phải anh đã sớm biết sao? Còn trưng cái vẻ vô tội ấy làm gì?”.

Từ lần đầu tiên găp Nhạc Thính Phong cô đã biết gã là một người lãnh tính, không chỉ tâm mà máu cũng lạnh, không một ai có thể khiến gã để tâm, ngay cả bà cô của cô.

Nghe xong lời cô nói, Nhạc Thính Phong đen mặt, nghiến răng nói: “Cô đúng là đồ đê tiện”

Yến Thanh Ti khẽ nhếch môi: “Đúng vậy, không đê tiện thì làm sao anh có thể bò lên được người tôi được?”
"
"Boss Hung Dữ - Ông Xã Kết Hôn Đi","Chương 2: Cô dám chơi tôi, tôi liền lên giường với người đàn ông của cô (2)","“Rầm” một tiếng, cửa phòng đã bị cảnh sát phá, một đám cảnh sát, phóng viên và toàn bộ người nhà của nhà họ Yến cũng lũ lượt xông vào.

Yến Như Kha - cô củaYến Thanh Ti liền nhanh chóng xông tới cho cô một cái tát vang dội: “Yến Thanh Ti, đồ đê tiện, mày có biết đây là chồng chưa cưới của tao không hả, là chú của mày đấy, thế mà mày cũng quyến rũ được, mày có biết xấu hổ không đấy hả?”

Yến Như Kha cả mặt đều là nước mắt, khóc đến nghẹn ngào, làm cho ai nấy đều thấy thương tiếc.

Yến Thanh Ti khẽ liếm đôi mỏi đỏ của mình, cảm nhận vị máu ngòn ngọt trong miệng, liếc mắt sang thấy đám phóng viên đang phấn khích, liền cười mỉa, bỗng quay sang hôn lên chiếc cổ cao ngạo của Nhạc Thính Phong, làm cho xung quang bỗng chốc bùng nổ, tiếng “tách, tách” của máy ảnh không ngừng vang lên.

Nhạc Thính Phong sững người một lúc mới nhận ra ý đồ củaYến Thanh Ti. Đáng lẽ lúc đấy anh phải đẩy con đàn bà đê tiện này ra, cho cô ta một cái tát đáng nhớ mới phải. Nhưng không, lúc đó anh như bị ma quỷ chi phối… lại còn phối hợp ôm eo cô ta nữa.

Eo của cô ta thật  nhỏ cứ như không có xương, đầu óc và cơ thể anh đều nhớ như  in dáng vẻ mị hoặc như yêu tinh muốn đoạt hồn người khác của cô ta lúc lên đỉnh.


Sau một cái hôn nóng bỏng, Yến Thanh Ti buông Nhạc Thính Phong ra, quay đầu lại khiêu khích nhìn Yến Như Kha: “Không sai, tôi chính là không biết xấu hổ đấy, tôi chính là cố ý lên giường với chồng chưa cưới của cô ruột mình đấy, cô làm gì được tôi?”

Mọi người ở đấy đều thấy toát hết cả mồ hôi. Má ơi! bị bắt gian tại giường không phải là nên bỏ chạy, không có mặt mũi gặp người hay sao? Cái cô này thế mà cũng kiêu ngạo quá đi, trước mặt cô ruột mà dám hôn chồng chưa cưới của bả. Đúng là chưa thấy ai ti tiện đến như vậy!

Yến Như Kha quên cả khóc, tay chỉ thẳng vào mặt Yến Thanh Ti, run rẩy không ngừng.

Cuối cùng vẫn là cảnh sát thấy Yến Như Kha thật đáng thương liền bước lên nói: “Yến Thanh Ti, cô bị nghi ngờ là biển thủ công quỹ, hành hung người khác, chúng tôi có lệnh bắt giam cô, mong cô hợp tác. ”

Yến Thanh Ti rất phối hợp mà đưa tay ra, chiếc còng tay lạnh lẽo còng vào cổ tay nhỏ nhắn của cô, không ngờ lại toát lên vẻ đẹp mị hoặc đến lạ.


Yến Thanh Ti bị cảnh sát dẫn đi, lúc đi đến trước mặt của Yến Như Kha, cô dừng lại một lát, nói nhỏ vào tai Yến Như Kha: “Cô dám chơi tôi, tôi liền ngủ với người đàn ông của cô, tôi muốn xem, ai chơi chết ai trước”.

Sắc mặt của Yến Như Kha trắng bệch ra.Tối qua là cô gài bẫy Yến Thanh Ti, cho cô ta uống thuốc kích dục, chỉ chờ cô ta không chịu được liền cho mấy tên du côn đến cưỡng hiếp, sau đó thông báo cho phóng viên tới chụp hình, chỉ cần thành công thì đời này Yến Thanh Ti coi như xong.

Thế nhưng, chỉ có trời mới biết tại sao Yến Thanh Ti đã không những thoát được mà còn bò lên giường chồng chưa cưới của cô.

Cô tính kế Yến Thanh Ti, Yến Thanh Ti liền trả lại cho cô gấp đôi, Yến Như Kha hận đến mức răng đều muốn ê rồi.

Ra đến cửa phòng, Yến Thanh Ti liền nhìn thấy bố cô - Yến Tùng Nam cùng bà mẹ kế và cậu em trai cùng cha khác mẹ của mình. Bọn họ đều im lặng nhìn cô bị bắt, trên mặt mỗi người đều không dấu nổi sự vui vẻ, hả hê khi cô gặp chuyện, đúng là người một nhà a, Yến Thanh Ti ngầm châm chọc.

Biển thủ công quỹ, hành hung người khác, hai tội này đều là người nhà của cô “giúp đỡ” mà có.

Ánh mắt của Yến Thanh Ti chớp cái đã trở lên ác độc, cô nói với Yến Tùng Nam: “Ba, đừng quên đến thăm con nhé, ở chỗ con có thứ mà ba muốn đấy, nếu ba không đến, con liền tùy tiện vứt đi, đến lúc đó có ai nhặt được thì con cũng không chịu trách nhiệm đâu.”
"
"Boss Hung Dữ - Ông Xã Kết Hôn Đi","Chương 3: Cô dám chơi tôi, tôi liền lên giường với người đàn ông của cô (3)","Yến Tùng Nam lộ ra vẻ độc ác: “Mày làm tao quá thất vọng rồi, không nghĩ đến mày sẽ đi đến con đường này, cứ nghĩ tốt nghiệp xong liền cho mày đến công ty rèn luyện, thế mà lại tham lam thành tính, cư nhiên dám biển thủ công quỹ, ai dậy mày như thế hả? Việc đã đến nước này, mày lại còn không biết hối cải, nhà họ Yến sao lại có loại con cháu như mày chứ?”

Yến Thanh Ti cười khẩy: “Thất vọng có là gì, tôi còn chưa cho ông thấy tuyệt vọng kia kìa.”

Cảnh sát ở đằng sau cô đẩy một cái: “Đừng lề mề, đi nhanh lên….”

Cuối cùng Yến Thanh Ti lại nói một câu đầy hàm ý: “Ba, nhớ lấy lời của con, thời gian, không nhiều đâu a…..”.

Nhạc Thính Phong lạnh lùng nhìn cảnh sát dẫn Yến Thanh Ti đi, bị bức đến tình cảnh như thế, mà cô ta không hề tỏ ra sợ hãi, còn có xu thế bất chấp tất cả. 

Cô ta đúng là một con ác quỷ.

Yến Thanh Ti bị bắt! Yến Thanh Ti bị bắt gian tại giường! Yến Thanh Ti sắp ngồi tù!

Tiểu thư của gia tộc họ Yến - Yến Thanh Ti, cuối cùng cũng “chơi” tới bến luôn rồi!


Những phóng viên mà Yến Như Kha gọi đến ngày hôm qua đều hứng phấn đến điên rồi!

Con gái thứ hai nhà họ Yến bị bắt gian tại giường cùng với chồng chưa cưới của cô ruột. Quan trọng nhất là tên “gian phu”  lại là Nhạc Thính Phong.

Nhạc Thính Phong là ai, không một gã đàn ông nào của cái đất Lạc Thành này có thể so với anh ta về độ đẹp trai và giàu có.

Tin tức của hôm nay mà phát ra ngoài,  0,01 giây sau chắc chắn sẽ lên trang đầu của tất cả các báo,  ân oán hào môn – đề tài nóng hổi luôn được đông đảo độc giả quan tâm.

Thế nhưng họ cũng chẳng vui vẻ được bao lâu đã bị vệ sĩ của Nhạc Thính Phong mời vào trong giải quyết. Cứ như thế cái tin tức nóng hổi này liền bị ỉm xuống, Toàn bộ máy quay, bút ghi âm, máy ảnh đều bị các vệ sĩ đập nát, mặt đám phóng viên không khác gì đưa đám.

Ở Lạc Thành mà muốn đưa tin về scandal của Thái tử gia nhà họ Nhạc á, trừ khi họ không muốn sống nữa.

Nhạc Thính Phong mặc quần áo mà trợ lí vừa mới đem đến, Yến Như  Kha đang không ngừng khóc lóc trước mặt anh: “Thính Phong, em biết, nhất định Yến Thanh Ti câu dẫn anh, đúng là mẹ nào con đấy, mẹ nó là kẻ thứ ba, nó cũng là kẻ thứ ba, không khác gì bà mẹ đê tiện của nó, trời sinh đã là đồ đê tiện! Chuyên môn đi dụ dỗ đàn ông của người khác, anh trai em đáng lẽ lúc đấy không nên mang nó về, để cho nó chết ở bên ngoài luôn.”


“Em đối với với nó tốt như vậy, mà nó…mà nó lại báo đáp em như thế này, em đúng là bị mù mà, không nghĩ nó lại có thể hèn hạ bỉ ổi đến như vậy…..”

Yến Như Kha lớn hơn Yến Thanh Ti 5 tuổi, hai người lớn lên cũng có mấy phần giống nhau.

Nhạc Thính Phong nhìn người phụ nữ đang nghiến răng nghiến lợi mắng nhiếc, chửi rủa Yến Thanh Ti, anh chỉ cảm thấy đau đầu, cô ả thật đáng ghét.

Lúc trước còn cảm thấy cô ta có chút năng lực, lại nghe lời, thế nên lúc cô ta tung tin đồn anh là chồng chưa cưới của cô ta, anh cũng chẳng thèm để ý. Không ngờ chuyện này lại mang đến không ít rắc rối.

Bây giờ xem lại, đúng là ngu như lợn mà còn làm ra vẻ mình là người thông minh, càng nhìn càng thấy bẩn mắt.

Nhạc Thính Phong nắm lấy cằm Yến Như Kha nói: “Tôi không có thói quen đánh phụ nữ, bớt tỏ vẻ khôn lỏi trước mặt tôi đi, cô so với cháu cô vẫn còn kém lắm!”.

Yến Như Kha sửng sốt: “Thính Phong, em……”

“Cút.”

Yến Như Kha thật không cam tâm, nhưng cũng không dám làm trái lời Nhạc Thính Phong. Cô tốn bao nhiêu công sức như vậy, thật không dễ dàng gì mới có thể làm “vợ chưa cưới” của Nhạc Thính Phong, khó khăn lắm mới đi được đến bước này, cô không thể để Yến Thanh Ti phá hỏng tất cả được.
"
"Boss Hung Dữ - Ông Xã Kết Hôn Đi","Chương 4: Cô dám chơi tôi, tôi liền lên giường với người đàn ông của cô (4)","Yến Như Kha gật đầu:"" Vâng.... vậy anh nghỉ đi, ngày mai em lại đến tìm anh.""

Ra khỏi cửa, trong mắt Yến Như Kha lóe lên sự hận thù, bàn tay nắm chặt lại, các ngón tay đâm sâu vào trong da thịt. 

"" Yến Thanh Ti..... tao sẽ không để cho mày có cơ hội lẳng lơ quyến rũ đàn ông nữa""

Trợ lý Giang Lai của Nhạc Thính Phong vừa đi đến, Yến Như Kha ngay lập tức liền đổi sắc mặt, mỉm cười chào: ""Trợ lí Giang....""

Giang Lai trực tiếp lướt qua cô, gõ cửa, đi vào phòng luôn. Yến Như Kha mặt đen như mực. 

..............


Giang Lai sau khi vào phòng thấp giọng hỏi: ""Thiếu gia, chuyện của Yến Thanh Ti có cần quản không ạ?""

Nhạc Thính Phong cười khẩy: ""Quản? Cô ta cầu xin anh à?""

""Cái này.......không có......""

“Cô ta có cốt khí  như vậy, tôi mà xen tay vào, không chừng cô ta lại nghĩ tôi mê mệt cô ta đến chết.”

Giang Lai càng cúi thấp đầu đoán, thiếu gia muốn đích thân Yến Thanh Ti chủ động đến cầu xin đây mà, nhưng mà với tính cách điên rồ của Yến Thanh Ti cô ấy sẽ chủ động đến cầu xin sao?

Nhạc Thính Phong liếc mắt nhìn đống hỗn loạn trên giường, trên mặt ga trắng tinh lại có một vệt máu đỏ. Màu sắc đối lập đập vào mắt  người quan sát. 

..............

Yến Thanh Ti bị bắt, tất cả thân thích họ hàng làng xóm láng giếng và bạn bè, đều thở phào một hơi nhẹ nhõm. Bởi trong mắt họ Yến Thanh Ti là một người phụ nữ xấu xa, xấu xa đến mức trời đất phẫn nộ, người người đều muốn chém giết. Ai bảo cô ta lớn lên lại mang vẻ mặt của một con hồ ly tinh lẳng lơ, lại suốt ngày trang điểm chải chuốt trưng ra bộ dạng đẹp đẽ của mình, nhìn cái đã biết là không phải hạng tốt đẹp gì. 

Mẹ cô ta là kẻ thứ ba, cô ta cũng là kẻ thứ ba, lại còn điêu luyện hơn, cướp bạn trai của chị gái, lên giường với chồng chưa cưới của cô mình, lại còn đoạt cả bạn trai của bạn thân, đúnglà làm tình nhân đến nghiện rồi. Vì vậy, sau khi nghe tin Yến Thanh Ti bị công an tóm đều ác độc mà hừ một câu: ""Đáng đời""

Một đám người đang bàn tán về chuyện này, sớm đoán được cái con hồ ly tinh Yến Thanh Ti sẽ có ngày hôm nay mà. Quả nhiên ông trời có mắt đã thu phục con yêu tinh này, làm cho người người vui vẻ, nhà nhà vui mừng. 


Yến Thanh Ti ở trại tạm giam đến ngày thứ tư, cuối cùng cũng đợi được người  cần đến - bố cô, Yến Tùng Nam. Rõ ràng là hai cha con cùng chung một dòng máu, thế mà lúc này lại giống như kẻ thù không đội trời chung. 

Yến Tùng Nam hạ thấp giọng nói, rít lên:"" Yến Thanh Ti, rốt cuộc mày muốn gì?""

Yến Thanh Ti nhún vai: ""Muốn gì à? Với bộ dạng hiện giờ của tôi, ông nói xem tôi còn muốn gì nào?""

Trên người cô đang mặc đồng phục phạm nhân của trại tạm giam, tóc thì tuỳ tiện dùng dây chun cột lại sau gáy, trên mặt không tí son phấn, bờ môi cũng trở nên nhợt nhạt khô khốc, ấy thế mà trông bộ dạng lúc này của cô lại vẫn có thể đẹp đến nao lòng người. 

Trên đời này có một loại phụ nữ, bất kể cô ta mặc trên người là y phục hoa lệ, hay chỉ tuỳ tiện khoác một tấm giẻ lau nhà, thì vẫn cứ toát ra vẻ đẹp mê hoặc lòng người. 

Có thể cô ta không phải là đẹp nhất, nhưng không ai có hương vị có thể gây nghiện như cô. Loại phụ nữ như này không đụng vào còn đỡ, mà một khi đã dấn thân vào là tuyệt đối không còn lối thoát. 


Yến Tùng Nam nhìn chằm chằm vào mắt Yến Thanh Ti, cô đang cười nhưng trong mắt lại là lạnh lẽo đến tận xương tuỷ, Yến Tùng Nam nhìn một lúc mà chột hết cả dạ, đành nhìn ra chỗ khác: ""Tội của mày không nhẹ đâu, có chứng cớ rõ ràng không thể thoát được"". 

Yến Thanh Ti cười khẩy:"" Chứng cứ rõ ràng? Đầu ông cho chó gặm rồi hả? Không nhiều lời, hai ngày, nếu như sau hai ngày tôi vẫn ở trong này thì đành để ông vào đây chơi với tôi vậy"". 

Chứng cứ rõ ràng? Chứng cứ phạm tội của cô không phải do nhà họ Yến tạo ra  sao, dám âm thầm “chơi” cô. 

Lạm dụng công quỹ, chẳng phải là bút tích mà ông bố quý hóa sắp đặt cho cô sao?

Hành hung người khác, không phải là thủ đoạn của bà chị ruột cùng cha khác mẹ với cô bày ra sao?

Nhưng mà, không sao hết, cô đã nắm được thóp của Yến Tùng Nam, có nó thì sợ gì không ra khỏi đây được. 
"
"Boss Hung Dữ - Ông Xã Kết Hôn Đi","Chương 5: Cô dám chơi tôi, tôi liền lên giường với người đàn ông của cô (5)","Yến Tùng Nam tức đến mức gân xanh trên mặt đều giật giật:"" Yến Thanh Ti, mày thật là cái đồ đê tiện""

Yến Thanh Ti giễu cợt: ""Đúng a, cái đồ đê tiện này cũng là do ông sinh ra, lúc đấy ông nếu bóp chết tôi từ lúc mới sinh ra thì bây giờ đã không phải to đầu thế này. ""

Yến Tùng Nam tức đau cả ngực: ""Tao lúc đó nếu biết mày thế này thì sớm đã bóp chết mày rồi.""

Yến Thanh Ti dựa lưng vào ghế cười nói: ""Không sai, năm đấy ông nên bóp chết tôi giống như cái cách mà ông bức chết mẹ tôi vậy.""

Mọi người ai ai cũng  nói mẹ Yến Thanh Ti là kẻ thứ ba, nhưng có ai biết cô so cái người được gọi là ""chị"" kia còn lớn hơn một tuổi. 

Yến Tùng Nam kết  hôn với mẹ cô, lúc bà mới có bầu, ông ta liền quay đầu bám “cành cao”, từng bước từng bước dồn mẹ cô vào chỗ chết. Vì muốn che dấu chuyện xấu xa năm đó mà ông ta thông đồng cùng với Từ Linh Chi - Yến phu nhân bây giờ, làm giả giấy tờ khiến Yến Thanh Ti nhỏ đi một tuổi, rồi tuyên bố với bên ngoài là trong lúc bà ta mang bầu, mẹ của Yến Thanh Ti đã dụ dỗ Yến Tùng Nam rồi sinh ra cô. Còn nói là mẹ cô sau khi sinh cô thì chết ngoài ý muốn, Yến phu nhân thấy Yến Thanh Ti vẫn còn là một đứa con nít, không đành lòng liền chấp nhận cho cô vào nhà họ Yến. 


Thế là cả Lạc thành ai ai mà không biết Yến phu nhân lòng dạ từ bi, bỏ qua chuyện cũ, chấp nhận nuôi nấng con riêng của chồng mình. Mà mẹ của Yến Thanh Ti lại bị coi là tiện nhân xấu xa bỉ ổi, chuyên đi phá hoại hạnh phúc gia đình người khác, đến nỗi ông trời cũng không thể chấp nhận cho ả sống tiếp nữa. 

Nhưng ai biết, người của Yến gia chưa từng coi cô là người một nhà, có thể sống đến bây giờ có thể nói ngoài may mắn ra còn là vì người của Yến gia luôn coi cô là không khác gì một con súc sinh, cao hứng hay mất hứng chỉ cần hành hạ cô liền vui vẻ trở lại...

Yến Thanh Ti sống tại Yến gia nhiều năm như vậy, chỉ là vật chút giận cho toàn gia đình đấy. 

Trong đầu Yến Thanh Ti vĩnh viễn không quên hình ảnh lúc mẹ cô nhảy lầu tự tử. 

Đã nhiều năm như vậy, nhưng ngọn lửa thù hận trong lòng cô không hề  nguôi ngoai mà ngày càng  mạnh mẽ, thiêu đốt dày vò cô từng ngày. 

8 tuổi, từ khi bước chân vào Yến gia tất cả niềm vui, hạnh phúc của cô hoàn toàn chấm dứt. 


Nhìn ánh mắt chỉ có hận thù của Yến Thanh Ti, Yến Tùng Nam bỗng thấy sống lưng lạnh toát, ông ta bỗng phát hiện đứa con gái mà ông ta chẳng coi ra gì không biết từ lúc nào đã biến thành một con ác quỷ.  

Con ác quỷ này đã học cách ẩn sâu trong bóng tối há cái miệng thật to, chỉ chực chờ cơ hội, liền một ngụm cắn chết toàn bộ Yến gia bọn họ. Thậm chí nó không tiếc hi sinh cả bản thân mình... 

Yến Tùng Nam run rẩy nói: ""Mày....mày.... là muốn báo thù cho mẹ mày?""

Yến Tùng Nam bây giờ mới hiểu được Yến Thanh Ti muốn làm cái gì. 

Mà Yến Thanh Ti lúc này giống như lệ quỷ vừa thoát khỏi địa  ngục, đôi con ngươi đỏ ngầu, nhìn chằm chằm Yến Tùng Nam: ""Từ cái ngày ông mang tôi về Yến gia, ông nên biết, sự xuất hiện của tôi chính là điềm báo trước cho sự diệt vong của Yến gia.”  

Yến Tùng Nam chột dạ đập tay xuống bàn, hét lên: ""Tao là cha mày đấy, bao năm nay không có tao mày đã chết ở cái xó xỉnh nào rồi, còn mẹ mày chết thì  có liên quan gì đến tao, là bà ta tự làm tự chịu"". 

Yến Tùng Nam là một con người ích kỉ chỉ biết nghĩ đến bản thân, ai dám cản trở con đường vinh hoa phú quý của ông ta, ông ta sẽ không do dự mà huỷ hoại người đó, mà còn không hề cảm thấy tội lỗi một chút nào. 

Yến Thanh Ti cười như điên như dại, lạnh lùng nhìn vào Yến Tùng Nam, nhìn ông ta run lên.
"
"Boss Hung Dữ - Ông Xã Kết Hôn Đi","Chương 6: Cô dám chơi tôi, tôi liền lên giường với người đàn ông của cô (6)","Yến Thanh Ti chậm rãi nói: ""Đã  nhiều năm như vậy, có phải tôi chưa từng nói  với ông, cái bộ mặt vô liêm sỉ của ông thật làm tôi buồn nôn, ông lấy tự tin ở đâu mà cho rằng sau khi các người hại chết mẹ tôi, huỷ hoại đi hạnh phúc của tôi, mà vẫn có thể bình an mà sống hả? Yến Tùng Nam, tôi nói cho ông biết, tôi sống không tốt thì Yến gia các người ai cũng đừng mong sống được.""

Yến Tùng Nam trong lòng sợ hãi, nhưng rốt cuộc vẫn là người từng trải, rất nhanh liền bình tĩnh lại, giở giọng dọa nạt: ""Mày đừng có mà làm càn, Minh Châu đã bị mày hại phải nhập viện rồi, đừng nghĩ cái thứ trong tay mày có thể ép được tao, muốn đấu với tao à, mày còn non lắm. Thôi dù gì thì mày cũng là con tao, tao liền giúp mày liên hệ chạy án, để giảm cho mày hai năm tù. ""

Yến Thanh Ti cười phá lên: ""Hai năm? Ông bố thí cho ăn mày đấy à? Tôi mà cần cái đấy ư? Yến Tùng Nam ông lấy mẹ tôi, rồi vứt bỏ bà ấy, còn bức bà ấy phải chết, lúc đấy ông nên biết, lưu lại cái nghiệp chướng là tôi đây, chính là cục nợ cả đời ông, tôi còn sống thì Yến gia mấy người đừng hòng mong được yên ổn....i.....""

Yến Thanh Ti cao giọng hét lên: ""Bây giờ tôi không muốn làm giao dịch với ông nữa, cảnh sát tôi muốn báo án....""

Yến Tùng Nam vừa nghe thế tim liền đập bình bịch hét lên: ""Mày câm miệng, mày đừng tưởng tao thật sự sợ mày.

Yến Thanh Ti đột nhiên túm lấy cổ áo ông ta, ác độc nói: ""Bao năm nay, tôi ở   nhà các người nhẫn nhịn lâu như vậy, ông nghĩ trong tay tôi có những cái gì? Không tin, ông có thể thử coi, ví dụ như chuyện cô thư kí mất tích 5 năm trước hay cái “hộp bánh trung thu” ma ông tặng Vương Thị trưởng năm nay, tôi biết thật nhiều à... tôi nói cho ông biết, tôi không tiếc cùng các người đồng quy vu  tận đâu, muốn chết, tất cả chúng ta đều chết, đừng có khinh thường tôi.""

Yến Tùng Nam không dám mạo hiểm, Yến Thanh Ti lúc này đã hoàn toàn dám đánh đổi tất cả để báo thù rồi. Yến Tùng Nam tính toán thiệt hơn rồi nói: ""Được, tao đồng ý giúp mày ra khỏi tù, nhưng mày đồng ý với tao một điều kiện, sau khi ra khỏi đây lập tức xuất ngoại, vĩnh viễn không thể quay về đây nữa. ""

Yến Thanh Ti đảo mắt liếc ông ta một cái, hét lên: “Cảnh sát đâu, sao không có ai qua đây vậy?""


""Ít nhất là 10 năm không được quay lại đây, đây là  nhượng bộ lớn nhất của tao, Yến Thanh Ti mày đừng có mà quá đáng quá.""

Yến Thanh Ti: ""Cảnh sát, tôi có việc quan trọng muốn báo"".

Cảnh sát đi đến, không nhẫn nại hỏi: ""Có việc gì?""

Yến Tùng Nam giữ chặt lấy Yến Thanh Ti: ""Mày rốt cuộc muốn bao lâu?""

""Nhiều nhất là 3 năm.....""

""Không được, quá ngắn.""

Yến Thanh Ti nhún vai: ""Thế thì tuỳ ông, tôi không quan tâm, với cả tôi cũng chẳng sợ.""


Yến Tùng Nam nghiến răng: ""Được rồi, cho tao 5 ngày""

Yến Thanh Ti đứng dậy nói: ""Nhiều nhất là 2 ngày, quá hạn thì coi như thôi.""

Cô nói với cảnh sát: ""Có thể đưa tôi quay lại rồi.""

.................................................

Đêm đó, không khí trong phòng khách nhà họ Yến vô cùng ngưng trọng, cả 5 người ai cũng hận không thể lóc da xẻ thịt Yến Thanh Ti ra.

Yến Thanh Ti đã chó cùng dứt giậu không còn gì để mất nhưng Yến gia bọn họ thì còn có danh vọng và địa vị, không thể liều mạng như con nhỏ đó được.   

Yến Thanh Ti lúc này giống như một tên lưu manh đầu đường xó chợ không sợ chết, dù nhà họ có dùng bất cứ thủ đoạn gì cũng chẳng sợ, làm không cẩn thận lại kéo luôn cả mình xuống nước. 

Từ Linh Chi nghiến răng: ""3 năm thì 3 năm, trong 3 năm này liền giải quyết   nó luôn, không cho nó cơ hội gây thêm sóng gió gì nữa.

Yến Minh Châu tức giận bóp chặt cái cốc ở trong tay: ""Mẹ, dứt khoát giải quyết nó luôn ở trong phòng tạm giam đi, để cho nó chết luôn ở trong đấy đi, nếu nó đi ra ngoài lại tìm chúng ta gây chuyện thì sao.""
"
"Boss Hung Dữ - Ông Xã Kết Hôn Đi","Chương 7: Cô dám chơi tôi, tôi liền lên giường với người đàn ông của cô (7)","Từ Linh Chi chọc chọc vào trán con gái mà nói: “Con thì hiểu cái gì, ra tay   trong phòng tạm giam, người chết không phải nó mà là chúng ta đây này, đợi con nhỏ ra nước ngoài liền dùng chút thủ đoạn để xử lí nó.""

Yến Tùng Nam gật đầu “ Mẹ con nói đúng đấy, tạm thời giúp nó xuất ngoại trước, ở đất khách quê người ai quan tân đến sống chết của nó, khi đó chúng ta có hàng trăm cách khiến nó chết mà thần không biết quỷ không hay.

Yến Minh Châu đảo mắt một vòng nhìn Yến Như Kha: ""Cô với Nhạc Thính Phong bây giờ thế nào rồi?""

Yến Như Kha vừa mới thất thần, tuỳ tiện nói: ""Vẫn tốt.""

Yến Minh Châu bĩu bĩu môi nói: ""Tính ra thì, cả nhà chúng ta vẫn là cô có tính tình tốt nhất, nếu  anh Cẩm Xuyên của cháu mà bị quyến rũ như cô thì cháu chắc khóc chết mất, còn nó thì cũng đừng mong sống.” 


Yến Tùng Nam quát: ""Minh Châu, im miệng""

Yến Minh Châu “hừ” một tiếng cũng không nói tiếp nữa. 

Yến Minh Tu không nói câu  nào chờ mọi người nói xong bĩu bĩu môi nói: ""Mọi người nói chuyện xong chưa? Xong rồi thì con về phòng.""

Từ Linh Chi yêu chiều xoa đầu con trai: ""Đi đi, đừng để mai đi học muộn "". 

Yến Minh Tu không dấu vết tránh đi bàn tay của Từ Linh Chi, quay lưng lên phòng. 

...................................

Yến Như Kha sau khi về phòng liền đứng ngồi không yên. Con tiện nhân Yến Thanh Ti cư nhiên lại nắm được nhược điểm của anh trai. Yến Thanh Ti không khác gì một cục xương mắc ngang cổ cô, nuốt không được nhả cũng không xong. Cứ nghĩ đến việc con nhỏ lại sắp ra ngoài bay nhảy, hận ý trong lòng Yến Như Kha lại dâng lên, nếu không làm chút gì đó thì cô không cam lòng.  

Yến Như Kha xem đồng hồ, vẫn chưa đến 11h. 


Yến Như Kha ra khỏi nhà, không ngăn được anh trai thả Yến Thanh Ti ra ngoài thì cũng phải làm gì đó để Nhạc Thính Phong ghét con nhỏ.

Yến Như Kha đi tới Bích Lan Đình, nơi mà Nhạc Thính Phong hay đến. Đây là hội quán mà Nhạc Thính Phong bỏ tiền xây dựng theo ý muốn của mình, không phải dùng để kiếm tiền, chỉ là để nghỉ ngơi thư giãn. 

Yến Như Kha đã từng đến chỗ này rồi, đây là tụ tập các quý công tử có danh tiếng nhất ở cái đất Lạc Thành này, nhưng dù thế nào đi chăng nữa chỉ cần liếc mắt một cái cũng có thể nhận ra Nhạc Thính Phong giữa cái đám thiên chi kiều tử, anh thực sự rất nổi bật.

Anh ta luôn thu hút ánh nhìn của tất cả mọi người, không ai có đủ tư cách để so sánh với anh ta. 

Đám công tử, trong tay ai cũng có một em tiếp viên xinh đẹp ngồi bên cạnh giúp vui, mà chỗ Nhạc Thính Phong lại thật yên tĩnh, chỉ có hai em xinh đẹp đang đấm bóp chân cho anh ta, ai cũng không dám nói nhiều thêm một câu. 


Yến Như Kha mê muội nhìn Nhạc Thính Phong, người đàn ông ưu tú như vậy,  làm thế nào cũng phải giữa chặt lấy anh ta, không thể vì chuyện của con nhỏ Yến Thanh Ti mà phá vỡ hết thảy.   

Yến Như Kha đi đến ngồi cạnh anh, có vẻ Nhạc Thính Phong không thấy cô. Yến Như Kha đang nghĩ xem nên nói như thế nào, hỏi linh tinh vài câu, liền uỷ khuất mà nói: ""Thính Phong, anh không tin được đâu, con nhỏ Yến Thanh Ti cư nhiên dám uy hiếp anh trai em, rõ ràng là con bé đó phạm tội mà còn muốn kéo cả nhà em chết theo,..., đến cả cha ruột của mình con bé đó còn hại được. Một người phụ nữ như vậy,......, em chưa từng gặp ai độc ác như con bé đó. Không khác gì một con ác quỷ, lúc cần người khác thì sẽ nịnh nọt, một khi không cần nữa liền quay ra cắn cho một phát. Thính Phong, anh nhất định phải cẩn thận, con bé......""

Những giọt rượu trong cái ly mà Nhạc Thính Phong đang cầm bỗng văng vài giọt lên một người cô tiếp viên đang ngồi dưới chân anh. 

“Cút sang một bên.""

Hai cô gái trẻ lập tức rời đi, Nhạc Thính Phong cũng đứng lên đi mất. Bỏ lại Yến Như Kha, trông cô ta  như một con ngốc xấu xí, Nhạc Thính Phong còn chả thèm liếc nhìn cô ta lấy một cái. Mặt Yến Như Kha nóng bừng bừng, ánh mắt của mọi người khiến cô ả xấu hổ, không biết dấu mặt vào đâu. 
"
"Boss Hung Dữ - Ông Xã Kết Hôn Đi","Chương 8: Người đàn ông của cô, tôi đang sử dụng (1)","Yến Như Kha cắn chặt răng, đứng thẳng người rời khỏi bàn, cứng ngắc quay lại nói với mọi người: ""Thính Phong, anh ấy đang không vui, mọi người đừng để bụng, tôi đi xem anh ấy chút.""

Ra đến cửa phòng, Yến Như Kha nghe thấy có người  nói: ""Hừ, Nhạc thiếu căn bản không coi cô ta ra gì, thế mà cô ta cứ tự cho mình là đúng…""

Yến Như Kha nghiến răng đến phát đau nhưng vẫn phải giả bộ như không nghe thấy gì, cô vốn dĩ là muốn nói xấu Yến Thanh Ti trước mặt Nhạc Thính Phong, để cho anh ghét con nhỏ đấy, thế mà bây giờ lại bị phản tác dụng. 

...........................

Buổi sáng hôm sau.

Giang Lai đến công ty thấy tâm tình Nhạc Thính Phong cực kì xấu, nên không dám nói linh tinh, anh thử thăm dò một câu: ""Thiếu gia, cô Yến Thanh Ti bị bắt 4,5 hôm nay rồi, thật sự.... thực sự không cần hỏi thăm gì sao ạ?""


Nhạc Thính Phong cười lạnh: ""Hỏi cái gì mà hỏi, người ta có bản lĩnh như vậy,  cần gì cậu phải bò tới giúp vui.""

Giang Lai lập tức cúi thấp đầu.

Mấy hôm nay tâm tình của thiếu gia cứ thấp thỏm không yên, rõ ràng là đang đợi Yến Thanh Ti chủ động đến cầu xin mình mà. 

Xem ra, thiếu gia không đợi được rồi.

..............

Một tuần sau, sân bay quốc tế Lạc Thành.

Cả nhà họ Yến đều có mặt tại đây, bởi vì hôm nay là ngày đưa tiễn Yến Thanh Ti ra nước ngoài, vị ôn thần này phải đi rồi, đương nhiên cả Yến ra phải ""vui vẻ mà tiễn biệt"" chứ, mà cái quan trọng nhất là, có nhiều người, có thể trông chừng, tránh cho cô ta lại sinh sự. 

Nhạc Thính Phong cũng tới, đến cả Yến Minh Châu cũng đem cả bạn trai là Lạc Cẩm Xuyên đến. 

Người Yến Gia hận không thể để tất cả mọi người đều biết Yến Thanh Ti là con đàn bà đê tiện, bỉ ổi, vô liêm sỉ... 

Yến Tùng Nam cứng nhắc nói: ""Cũng sắp đến giờ  rồi, đi qua cửa kiểm tra đi, ra nước ngoài rồi thì cố gắng học tập, thay đổi bản thân.....""


Yến Tùng Nam ước gì Yến Thanh Ti nhanh nhanh lên máy bay, nhìn nhiều thêm một cái, ông sợ không kìm được mà bóp chết nó. 

Lần này vì để Yến Thanh Ti có thể bình an ra khỏi tù  mà ông mất không biết bao nhiêu là tiền để lo lót, cứ mỗi lần nghĩ đến số tiền đó, ông liền đau từng khúc ruột, càng hối hận sao năm đó lại để lại cái tai hoạ này chứ. 

Yến Minh Châu cũng thúc giục:"" Em gái, đến giờ lên máy bay rồi. ""

Yến Thanh Ti hôm nay trang điểm thật lôi cuốn, đôi mắt mèo quyến rũ, trông đẹp khác thường, như đang chuẩn bị câu dẫn đàn ông. 

Trông cô ta như vậy, trong lòng Yến Minh Châu không ngừng đố kị. Từ bé đến lớn, bất kể dày vò Yến Thanh Ti như thế nào đi nữa, nó vẫn mạnh mẽ giống như cây xương rồng giữa xa mạc, vĩnh viễn không chết. Trưởng thành, chỉ cần cô và Yến Thanh Ti đứng cùng nhau thì cô sẽ bị ánh hào quang của nó che mất, trước mặt người khác, sự chú ý của mọi người luôn luôn là Yến Thanh Ti. 

Trong khi Minh Châu mới là tên của cô, Minh Châu, cái tên này thật là mỉa mai. 

Bên chân Yến Thanh Ti chỉ có một cái vali nhỏ, cô lười biếng liếc Yến Minh Châu một cái: “ Chị vội cái gì, hay là lo lắng không trông trừng được anh Cẩm Xuyên của mình hả?""


Yến Minh Châu nghiến răng lại, cười nói: ""Thanh Ti, không phải chị đã nói với em, con gái nên dè dặt một chút, cứ như em thì có ai thèm rước, con gái thì phải biết yêu lấy mình chứ.""

Từ lúc Yến Thanh Ti  chuyển tới Yến gia, Yến Minh Châu chưa từng thích cô, kìm nén nhiều năm như vậy, cô ta hận không thể chà đạp Yến Thanh Ti đến chết. 

Yến Thanh Ti nhướn mày: ""Phải không?""

Đột nhiên Yến Thanh Ti đưa tay hướng về phía lồng ngực Lạc Cẩm Xuyên, tất  cả mọi người ở đấy đều bị doạ một trận, Yén Thanh Ti chuyển bàn tay sờ vào bộ comple của anh ta. 

Yến Minh Châu lập tức nổi giận: ""Yến Thanh Ti mày làm cái gì đấy, câu dẫn Nhạc thiếu còn chưa đủ, bây giờ lại muốn quyến rũ cả anh rể?""

Yến Thanh Ti lười để ý cô ta, cô móc lấy một cái ví da từ bộ comple của Lạc Cẩm Xuyên. 
"
"Boss Hung Dữ - Ông Xã Kết Hôn Đi","Chương 9: Người đàn ông của cô, tôi đang sử dụng (2)","Yến Thanh Ti trực tiếp lấy tiền ở trong cái ví ra, sau đó ném lại Lạc Cẩm Xuyên: “Lạc Cẩm Xuyên, chỗ tiền này là anh thay bạn gái anh bồi tội cho tôi..”

Trên khuôn mặt tuấn lãng của Lạc Cẩm Phong lộ ra vẻ sửng sốt, nhưng rất nhanh lại khôi phục vẻ ưu nhã, đôi mắt bình tĩnh sau gọng kính vàng một khắc đó hiện lên vẻ hưng phấn, anh ta hơi nhếch khóe miệng lên một cái, lạnh nhạt nói: “Thượng lộ bình an.”

Cả khuôn mặt Yến Minh Châu bỗng chốc trở lên vặn vẹo: “Yến Thanh Ti, cái đồ không biết xấu hổ, chúng tao vẫn ở đây mà mày còn dám bày ra cái dạng này hả.”

Yến Thanh Ti làm như không nghe thấy những lời chỉ trích của Yến Minh Châu, tùy tiện nhét tiền vào túi: “Chị gái yêu dấu à, đấu với tôi nhiều năm như vậy, chị cũng chẳng học khôn ra được, nói với chị bao nhiêu lần là đừng có mà giỡn mặt với tôi, không thì chính tôi cũng không biết mình sẽ làm ra chuyện gì đâu.”

Yến Tùng Nam nghiến răng nói: “Thanh Ti, mày nghĩ gì mà có thể làm như vậy chứ, có phải trong nhà không cho mày tiền đâu?”


Yến Thanh Ti châm chọc: “Cho tôi tiền? Sao tôi lại không biết vậy?”

Yến gia sao lại nỡ cho cô tiền chứ, ngoài một cái vali nhỏ, một tấm vé máy bay, thì, trên người Yến Thanh Ti không còn gì khác.

Bọn họ đây không phải là tiễn cô ra nước ngoài, mà là đem cô bỏ ở bên ngoài, ước gì cô chết luôn ở nơi đất khác quê người. 

Lúc này biểu cảm của toàn bộ người Yến gia giống như ăn phải phân. Yến Tùng Nam nghiến răng nhả ra từng chữ: “Không đi là không kịp lên máy bay đâu.”

Yến Thanh Ti vẫn đứng bất động: “Nếu mà muộn thì không đi nữa, tôi cũng chẳng gấp gì.”

Yến Tùng Nam hận không thể đập chết nó, thế nhưng ông vẫn cố nén cơn tức này lại, rút ví ra, đem toàn bộ tiền mặt trong ví đưa cho Yến Thanh Ti: “Mày từ trước tới giờ cứ tiêu tiền như nước, giờ ra nước ngoài thì tiết kiệm một chút, tiền sinh hoạt sẽ định kì gửi sang.”

Yến Thanh Ti cười lạnh, tiêu tiền như nước, còn có mặt mũi để nói câu này đấy?  Cầm lấy đống tiền liếc qua cũng biết không đến 3, 4 nghìn tệ,

Cô lại nhìn đến đống thẻ ngân hàng, nếu không phải ở nước ngoài không tiêu được, không thì cô còn muốn cướp hết chỗ đó.

Yến Thanh Ti đút hết tiền vào túi nói: “Sớm lấy ra không phải là tốt sao, keo kiệt như vậy làm gì, sớm muộn gì cũng có ngày phá sản. ”


Người của Yến gia tức đến muốn phun máu rồi.

Nhạc Thính Phong đứng đó, từ đầu đến cuối cũng chưa mở miệng, hắn vẫn nheo mắt nhìn bóng lưng uyển chuyển của Yến Thanh Ti, trong lòng như có một cơn tức bùng lên.. Người phụ nữ này, từ đầu tới cuối cũng không thèm nhìn anh lấy một cái. 

Yến Như Kha thấy Nhạc Thính Phong vẫn nhìn theo Yến Thanh Ti, viền mắt cũng đỏ lên, nhẹ nhàng nói: “Thanh Ti, chuyện ngày hôm đó cô không tính toán với cháu nữa, xem như cháu cũng đã gọi cô một tiếng cô, cô khuyên cháu một câu ở bên ngoài đùng bao giờ như thế này nữa, không phải mỗi người phụ nữ đều dễ nói chuyện như cô đâu.”

Cô ta lại trưng ra cái vẻ tôi hiền lành rộng lượng không thèm tính toán với Yến Thanh Ti nữa, nhưng từng câu từng chữ lại như như chỉ trích Yến Thanh Ti: “Mày đừng có mà phóng túng như vậy, cứ thấy đàn ông là muốn leo lên giường người ta.”

Yến Như Kha muốn làm cái gì, Yến Thanh Ti cô lại không biết sao..

Nhưng mà muốn trước mặt Nhạc Thính Phong bày ra cái vẻ hiểu chuyện lại nghe lời để so sánh với một người không biết xấu hổ như cô, còn xem cô có cho phép hay không đã.


Yến Thanh Ti cười nói: “Cô út à, cô rộng lượng thật đấy, nhưng mà cô đã nói như vậy, tôi đây liền không khách khí nữa vậy.”

Yến Như Kha sững người, một dự cảm không tốt liền dấy lên.

Chỉ thấy Yến Thanh Ti vặn eo một cái nhìn về hướng Nhạc Thính Phong, đưa tay túm lấy cổ áo anh ta hỏi: “Chú Nhạc à, tôi hôm nay dùng son môi này đẹp không?”

Nhạc Thính Phong: “Không tệ.”

Ngón tay Yến Thanh Ti khẽ lướt qua đôi môi của Nhạc Thính Phong: “Có muốn thử không?”
"
"Boss Hung Dữ - Ông Xã Kết Hôn Đi","Chương 10: Người đàn ông của cô, tôi đang sử dụng (3)","Ngón tay Yến Thanh Ti khẽ lướt nhẹ qua môi của Nhạc Thính Phong: ""Muốn nếm thử một chút không?""

Nhạc Thính Phong nhíu mày: ""Cô dám sao?""

Hôm qua Yến Như Kha cố ý nói với Nhạc Thính Phong, hôm nay Yến Thanh Ti sẽ lên đường, cô ta muốn cùng Nhạc Thính Phong xuất hiện ở trước mặt Yến Thanh Ti, chứng minh cho con nhỏ đó biết, cho dù nó có giở bao nhiêu trò ra nữa thì người đàn ông này cũng là của cô.

Nhưng mà, hết lần này tới lần khác cô ta đều quên một điều, Yến Thanh Ti chưa bao giờ làm theo lẽ thường.

Yến Thanh Ti liếc mắt nhìn Yến Như Kha: ""Cô út à, tôi còn chưa nói với cô, từ xưa tới nay tôi đều sắc đảm bao thiên*.""

(*) háo sắc đến liều mạng.

Yến Thanh Ti nhón chân lên hôn môi Nhạc Thính Phong, hai người cũng rất thuần thục thực hiện một nụ hôn nóng bỏng, triền miên ướt át, người xung quanh phải đỏ hết cả mặt.

Yến Minh Châu “xì” một tiếng khinh miệt, kéo tay Lạc Cẩm Xuyên: ""Anh Cẩm xuyên, để cho anh phải chê cười rồi, con nhỏ Yến Thanh Ti này, đúng là vừa vô sỉ lại hạ tiện.""

Lạc Cẩm Xuyên nhếch khóe môi lên, mắt kính lóe lên một tia sáng, con ngươi màu nâu dần biến sắc.

Yến Thanh Ti buông Nhạc Thính Phong ra, ""Chú Nhạc à, sau này đến nước M nhớ đến tìm tôi.""

Nhạc Thính Phong nheo mắt lại, quét qua cánh môi ướt át sưng đỏ của cô: ""Xem tâm trạng.""


""Có tôi, tâm trạng còn kém sao?""

""Khó mà nói, có thể kém hơn.""

Trong lòng Yến Thanh Ti không ngừng phỉ nhổ  Nhạc Thính Phong, lại nhón chân hôn một cái: ""Bây giờ sao?""

""Miễn cưỡng.""

Yến Thanh Ti nghiêng đầu liếc mắt nhìn sắc mặt đang trắng bệch -  Yến Như Kha, hất cằm khiêu khích “có bản lĩnh, tới cắn?”

Tâm trạng của Yến Thanh Ti lúc này cực kì tốt, cô đã dùng hành động để nói cho Yến Như Kha: Là đàn ông của cô thì thế nào? Người sử dụng anh ta, là tôi.

Yến Thanh Ti kéo hành lý, quét qua mọi người nhà họ Yến, khẽ nhếch môi: ""Tôi, sẽ còn trở lại.""

Người nhà họ Yến còn sống tốt thì làm sao cô có thể an tâm mà ở lại nước ngoài chứ. Hiện tại cô còn trẻ, lực lượng còn yếu kém, cô có thể thua.

Nhưng mà, một ngày nào đó, cô sẽ trở lại, đòi lại những gì mà mấy người nhà họ Yến thiếu hai mẹ con cô.

Yến Thanh Ti kéo hành lý đi thẳng, bóng dáng đơn bạc, rất nhanh biến mất ở cửa kiểm soát.


Ôn thần cuối cùng  đã đi, người nhà họ Yến cùng nhau thở phào nhẹ nhõm.

Trong mắt Từ Linh Chi lóe lên một tia ác độc, bà ta tuyệt đối sẽ không để cho Yến Thanh Ti có cơ hội trở lại cái đất Lạc Thành một lần nữa.

...

Trên đường về, Yến Như Kha chạy theo Nhạc Thính Phong.

Chồng chưa cưới và cháu gái hôn nhau trước mặt, chả khác gì đang tát mặt cô ta, nhưng trước mặt của Nhạc Thính Phong, cô ta cái gì cũng không dám nói.

""Thính Phong chờ em một chút...""

Nhạc Thính Phong vừa ngồi lên xe, Yến Như Kha đã thở hỗn hển chạy tới, mở cửa xe ngồi xuống ghế phụ.

Nhạc Thính Phong chán ghét liếc qua cô ta: ""Đi xuống!""

Yến Như Kha ủy khuất: ""Thính Phong...""

Nhạc Thính Phong mất kiên nhẫn: ""Đừng để tôi phải đá cô xuống.""

Yến Như Kha rùng mình một cái, Nhạc Thính Phong không là một người không dám đánh phụ nữ bao giờ, chọc anh ta mất hứng, nam hay nữ đều bị ăn đòn.

Yến Như Kha cắn môi nói: ""Anh lái xe... cẩn thận một chút."" Rồi cô ta mở cửa xe đi xuống.

Xe của Lạc Cẩm Xuyên đi tới dừng ở bên cạnh Yến Như Kha, Yến Minh Châu thò đầu ra: ""Cô út, cô đáng thương thật đấy, cô có muốn đi nhờ một đoạn đường hay không?""

Yến Như Kha xoay người nhìn thấy vẻ mặt hả hê của Yến Minh Châu, lạnh lùng cười một tiếng: ""Có thời gian cười nhạo cô, không bằng dành thời gian trông coi ngươi đàn ông của mình cho kĩ, đừng đợi đến khi cô ta leo lên giường với Lạc Cẩm Xuyên, đến lúc đó thì cháu không có chỗ mà khóc đâu.”
"
